{
  "project_info": {
    "project_number": "982772141454",
    "firebase_url": "https://progress-tracker-34792.firebaseio.com",
    "project_id": "progress-tracker-34792",
    "storage_bucket": "progress-tracker-34792.appspot.com"
  },
  "client": [
    {
      "client_info": {
        "mobilesdk_app_id": "1:982772141454:android:52f5e1ca821461b5",
        "android_client_info": {
          "package_name": "com.nanodegree.google_developers.hammad.progress_app"
        }
      },
      "oauth_client": [
        {
          "client_id": "982772141454-fj94vq8923pk24i6050otmprvgfah4ot.apps.googleusercontent.com",
          "client_type": 3
        }
      ],
      "api_key": [
        {
          "current_key": "AIzaSyCLfOGWC8_gnQRcEI3Nc-5znGQbf-2EW7M"
        }
      ],
      "services": {
        "analytics_service": {
          "status": 1
        },
        "appinvite_service": {
          "status": 1,
          "other_platform_oauth_client": []
        },
        "ads_service": {
          "status": 2
        }
      }
    }
  ],
  "configuration_version": "1"
}